id,name,first_name,last_name,telefono,email
1,Herta,Rois,Bahia,5557456789,rbahia0@canalblog.com
3,Alethea,Amos,Geelan,5557456789,ageelan1@bbc.co.uk
4,Diandra,Putnam,Fancott,5557456789,pfancott3@nih.gov
5,Martha,Morton,Morcombe,5557456789,mmorcombe4@nyu.edu
6,Agnes,Flore,Laughlan,5557456789,flaughlan5@scribd.com
7,Barbaraanne,Jodie,Haulkham,5557456789,jhaulkham6@google.it
8,Peyter,Amabelle,Rowth,5557456789,arowth7@foxnews.com
9,Edmund,Barney,Kestin,5557456789,bkestin8@ox.ac.uk
10,Cecilia,Deeanne,Bladder,5557456789,dbladder9@census.gov
11,Nessy,Giorgi,Breckin,5557456789,gbreckina@cornell.edu
12,Natal,Muffin,Switsur,5557456789,mswitsurb@biglobe.ne.jp
13,Vivia,Beryle,Tidman,5557456789,btidmanc@hubpages.com
14,Arel,Fredi,Chastang,5557456789,fchastangd@washingtonpost.com
15,Tommy,Tracey,Heales,5557456789,thealese@wordpress.org
16,Edlin,Kim,Kirkby,5557456789,kkirkbyf@digg.com
17,Eden,Meaghan,Cleeton,5557456789,mcleetong@ovh.net
18,Marty,Ralina,Eskell,5557456789,reskellh@blinklist.com
19,Tammie,Dania,Persehouse,5557456789,dpersehousei@clickbank.net
20,Minta,Aurlie,Jeness,5557456789,ajenessj@nasa.gov
21,Yanaton,Daloris,Lamasna,5557456789,dlamasnak@jugem.jp
22,Stevena,Gian,Jancik,5557456789,gjancikl@freewebs.com
23,Shannon,Maddy,Simionato,5557456789,msimionatom@arizona.edu
24,Kamilah,Catharine,Brightling,5557456789,cbrightlingn@mashable.com
25,Clem,Tamas,Noller,5557456789,tnollero@dell.com
26,Daloris,Enriqueta,Bleddon,5557456789,ebleddonp@tiny.cc
27,Elsworth,Yance,Pape,5557456789,ypapeq@squidoo.com
28,Justin,Sigvard,Philcox,5557456789,sphilcoxr@arstechnica.com
29,Rees,Tasia,Drayton,5557456789,tdraytons@harvard.edu
30,Rhonda,Brianne,Budgen,5557456789,bbudgent@ning.com
31,Sissy,Cecilia,Draycott,5557456789,cdraycottu@taobao.com
32,Theo,Jobey,Pound,5557456789,jpoundv@nsw.gov.au
33,Oneida,Devland,Balazot,5557456789,dbalazotw@pcworld.com
34,Elke,Gerhardt,Sedger,5557456789,gsedgerx@adobe.com
35,Eveleen,Keith,Mowson,5557456789,kmowsony@upenn.edu
36,Fredia,Odetta,Matelaitis,5557456789,omatelaitisz@tumblr.com
37,Delcina,Lorrie,McMeanma,5557456789,lmcmeanma10@soundcloud.com
38,Raeann,Kaela,Ewenson,5557456789,kewenson11@dell.com
39,Giordano,Reggi,Waterson,5557456789,rwaterson12@hp.com
40,Alanah,Asia,Cutmore,5557456789,acutmore13@elpais.com
41,Chaunce,Gisela,Burnsall,5557456789,gburnsall14@mediafire.com
42,Alexine,Lucia,Mordin,5557456789,lmordin15@google.com.au
43,Pooh,Carly,Renshell,5557456789,crenshell16@shareasale.com
44,Xena,Patsy,Awty,5557456789,pawty17@4shared.com
45,Greer,Jammal,Stuchbery,5557456789,jstuchbery18@samsung.com
46,Elroy,Henry,Tutchell,5557456789,htutchell19@yelp.com
47,Laughton,Cecilio,Gavey,5557456789,cgavey1a@arizona.edu
48,Rae,Silvana,Lorenc,5557456789,slorenc1b@pen.io
49,Lorin,Neely,Rulten,5557456789,nrulten1c@answers.com
50,Afton,Rodrick,Bradbeer,5557456789,rbradbeer1d@china.com.cn
51,Selestina,Virge,Kittel,5557456789,vkittel1e@latimes.com
52,Haze,Lind,Fitzpatrick,5557456789,lfitzpatrick1f@networkadvertising.org
53,Cassy,Phip,Van Salzberger,5557456789,pvansalzberger1g@oracle.com
54,Marcellina,Dolph,Poschel,5557456789,dposchel1h@e-recht24.de
55,Verine,Reggis,Mellenby,5557456789,rmellenby1i@friendfeed.com
56,Laurianne,Winfred,Huortic,5557456789,whuortic1j@eventbrite.com
57,Daryle,Sarina,Capron,5557456789,scapron1k@ning.com
58,Shannon,Jock,Sackler,5557456789,jsackler1l@cornell.edu
59,Alyson,Douglas,Nipper,5557456789,dnipper1m@odnoklassniki.ru
60,Gonzalo,Margarette,Ancketill,5557456789,mancketill1n@wikispaces.com
61,Adelle,Oberon,Jewks,5557456789,ojewks1o@goo.gl
62,Ignatius,Harmony,Cockett,5557456789,hcockett1p@oakley.com
63,Mina,Albina,Arnholtz,5557456789,aarnholtz1q@alexa.com
64,Yvette,Levi,Beynke,5557456789,lbeynke1r@archive.org
65,Harvey,Edvard,Gouly,5557456789,egouly1s@technorati.com
66,Robbie,Gipsy,Kenrat,5557456789,gkenrat1t@discuz.net
67,Reggis,Gothart,Lippiello,5557456789,glippiello1u@cornell.edu
68,Roshelle,Midge,Fussey,5557456789,mfussey1v@fastcompany.com
69,Kaleb,Sallyanne,Guiett,5557456789,sguiett1w@w3.org
70,Winni,Violante,Addey,5557456789,vaddey1x@macromedia.com
71,Tymon,Phillipe,Tschierse,5557456789,ptschierse1y@nytimes.com
72,Pembroke,Sibilla,Buckley,5557456789,sbuckley1z@yelp.com
73,Sauncho,Serene,Pallesen,5557456789,spallesen20@tamu.edu
74,Herculie,Imelda,Arkow,5557456789,iarkow21@php.net
75,Christophe,Kippie,Vorley,5557456789,kvorley22@senate.gov
76,Levey,Brodie,Seyffert,5557456789,bseyffert23@fda.gov
77,Sibella,Barnard,Attwool,5557456789,battwool24@multiply.com
78,Markos,Fredric,Please,5557456789,fplease25@dyndns.org
79,Alvina,Ramon,Cornick,5557456789,rcornick26@de.vu
80,Gerianna,Isador,Worters,5557456789,iworters27@globo.com
81,Leesa,Fay,Lunam,5557456789,flunam28@adobe.com
82,Darby,Nell,Kestin,5557456789,nkestin29@ovh.net
83,Deloria,Antonella,Boken,5557456789,aboken2a@google.cn
84,Mahmoud,Janna,Bealing,5557456789,jbealing2b@army.mil
85,Valentia,Blythe,Rossbrook,5557456789,brossbrook2c@biblegateway.com
86,Silvana,Herta,Cowup,5557456789,hcowup2d@prweb.com
87,Pearla,Fidela,Cosley,5557456789,fcosley2e@yale.edu
88,Costa,Dex,Blaik,5557456789,dblaik2f@hugedomains.com
89,Arron,Tess,Bonehill,5557456789,tbonehill2g@wordpress.org
90,Care,Jarrad,Mowatt,5557456789,jmowatt2h@posterous.com
91,Tarra,Fritz,Glavias,5557456789,fglavias2i@ed.gov
92,Zoe,Morgana,Northway,5557456789,mnorthway2j@mail.ru
93,Frankie,Rozamond,Taleworth,5557456789,rtaleworth2k@microsoft.com
94,Gianina,Cesya,Farge,5557456789,cfarge2l@webmd.com
95,Hailey,Randolph,Stone,5557456789,rstone2m@mapy.cz
96,Newton,Chance,Dugmore,5557456789,cdugmore2n@apple.com
97,Clarence,Patrizio,Breinl,5557456789,pbreinl2o@slashdot.org
98,Robbie,Felipa,Kerford,5557456789,fkerford2p@themeforest.net
99,Bobbye,Lucio,Riccelli,5557456789,lriccelli2q@sun.com
100,Dulciana,Byram,Frankis,5557456789,bfrankis2r@usnews.com
101,Dulciana,Byram,Frankis,5557456789,bfrankis2r@usnews.com
102,Dulciana,Byram,Frankis,5557456789,bfrankis2r@usnews.com
103,Dulciana,Byram,Frankis,5557456789,bfrankis2r@usnews.com
